-- MariaDB dump 10.19  Distrib 10.4.32-MariaDB, for Win64 (AMD64)
--
-- Host: localhost    Database: robinsnest
-- ------------------------------------------------------
-- Server version	10.4.32-MariaDB

/*!40101 SET @OLD_CHARACTER_SET_CLIENT=@@CHARACTER_SET_CLIENT */;
/*!40101 SET @OLD_CHARACTER_SET_RESULTS=@@CHARACTER_SET_RESULTS */;
/*!40101 SET @OLD_COLLATION_CONNECTION=@@COLLATION_CONNECTION */;
/*!40101 SET NAMES utf8mb4 */;
/*!40103 SET @OLD_TIME_ZONE=@@TIME_ZONE */;
/*!40103 SET TIME_ZONE='+00:00' */;
/*!40014 SET @OLD_UNIQUE_CHECKS=@@UNIQUE_CHECKS, UNIQUE_CHECKS=0 */;
/*!40014 SET @OLD_FOREIGN_KEY_CHECKS=@@FOREIGN_KEY_CHECKS, FOREIGN_KEY_CHECKS=0 */;
/*!40101 SET @OLD_SQL_MODE=@@SQL_MODE, SQL_MODE='NO_AUTO_VALUE_ON_ZERO' */;
/*!40111 SET @OLD_SQL_NOTES=@@SQL_NOTES, SQL_NOTES=0 */;

--
-- Table structure for table `friends`
--

DROP TABLE IF EXISTS `friends`;
/*!40101 SET @saved_cs_client     = @@character_set_client */;
/*!40101 SET character_set_client = utf8 */;
CREATE TABLE `friends` (
  `user` varchar(16) DEFAULT NULL,
  `friend` varchar(16) DEFAULT NULL,
  KEY `user` (`user`(6)),
  KEY `friend` (`friend`(6))
) ENGINE=InnoDB DEFAULT CHARSET=utf8mb4 COLLATE=utf8mb4_general_ci;
/*!40101 SET character_set_client = @saved_cs_client */;

--
-- Dumping data for table `friends`
--

LOCK TABLES `friends` WRITE;
/*!40000 ALTER TABLE `friends` DISABLE KEYS */;
INSERT INTO `friends` VALUES ('tsola2003','tsola2002'),('tsola2005','tsola2002'),('tsola2002','tsola2003');
/*!40000 ALTER TABLE `friends` ENABLE KEYS */;
UNLOCK TABLES;

--
-- Table structure for table `members`
--

DROP TABLE IF EXISTS `members`;
/*!40101 SET @saved_cs_client     = @@character_set_client */;
/*!40101 SET character_set_client = utf8 */;
CREATE TABLE `members` (
  `user` varchar(16) DEFAULT NULL,
  `pass` varchar(16) DEFAULT NULL,
  KEY `user` (`user`(6))
) ENGINE=InnoDB DEFAULT CHARSET=utf8mb4 COLLATE=utf8mb4_general_ci;
/*!40101 SET character_set_client = @saved_cs_client */;

--
-- Dumping data for table `members`
--

LOCK TABLES `members` WRITE;
/*!40000 ALTER TABLE `members` DISABLE KEYS */;
INSERT INTO `members` VALUES ('tsola2002','brov2002'),('tsola2003','brov2003'),('tsola2005','brov2005'),('sofia123','sofia123');
/*!40000 ALTER TABLE `members` ENABLE KEYS */;
UNLOCK TABLES;

--
-- Table structure for table `messages`
--

DROP TABLE IF EXISTS `messages`;
/*!40101 SET @saved_cs_client     = @@character_set_client */;
/*!40101 SET character_set_client = utf8 */;
CREATE TABLE `messages` (
  `id` int(10) unsigned NOT NULL AUTO_INCREMENT,
  `auth` varchar(16) DEFAULT NULL,
  `recip` varchar(16) DEFAULT NULL,
  `pm` char(1) DEFAULT NULL,
  `time` int(10) unsigned DEFAULT NULL,
  `message` varchar(4096) DEFAULT NULL,
  PRIMARY KEY (`id`),
  KEY `auth` (`auth`(6)),
  KEY `recip` (`recip`(6))
) ENGINE=InnoDB AUTO_INCREMENT=7 DEFAULT CHARSET=utf8mb4 COLLATE=utf8mb4_general_ci;
/*!40101 SET character_set_client = @saved_cs_client */;

--
-- Dumping data for table `messages`
--

LOCK TABLES `messages` WRITE;
/*!40000 ALTER TABLE `messages` DISABLE KEYS */;
INSERT INTO `messages` VALUES (1,'tsola2002','tsola2002','0',1769516087,'This is my first public message'),(2,'tsola2002','tsola2002','1',1769526713,'This is my first private message'),(4,'tsola2003','tsola2003','0',1769683889,'this is a second meassage from tsola2003'),(5,'tsola2003','tsola2003','1',1769684091,'this is a third private message from tsola2003'),(6,'tsola2002','tsola2003','0',1769684278,'Hello Public meassage from tsola2002 to tsola2003');
/*!40000 ALTER TABLE `messages` ENABLE KEYS */;
UNLOCK TABLES;

--
-- Table structure for table `people`
--

DROP TABLE IF EXISTS `people`;
/*!40101 SET @saved_cs_client     = @@character_set_client */;
/*!40101 SET character_set_client = utf8 */;
CREATE TABLE `people` (
  `id` int(10) unsigned NOT NULL,
  `name` varchar(20) NOT NULL,
  `city` varchar(15) NOT NULL,
  `bdate` date NOT NULL,
  `gender` varchar(5) DEFAULT NULL
) ENGINE=InnoDB DEFAULT CHARSET=utf8mb4 COLLATE=utf8mb4_general_ci;
/*!40101 SET character_set_client = @saved_cs_client */;

--
-- Dumping data for table `people`
--

LOCK TABLES `people` WRITE;
/*!40000 ALTER TABLE `people` DISABLE KEYS */;
INSERT INTO `people` VALUES (2,'Adaobi','Lagos','1983-01-25',NULL),(3,'Adeleke','Lagos','1983-01-25',NULL),(4,'Obinna','Abuja','2001-01-15',NULL),(5,'Udoka','Warri','2005-01-18',NULL);
/*!40000 ALTER TABLE `people` ENABLE KEYS */;
UNLOCK TABLES;

--
-- Table structure for table `profiles`
--

DROP TABLE IF EXISTS `profiles`;
/*!40101 SET @saved_cs_client     = @@character_set_client */;
/*!40101 SET character_set_client = utf8 */;
CREATE TABLE `profiles` (
  `user` varchar(16) DEFAULT NULL,
  `text` varchar(4096) DEFAULT NULL,
  KEY `user` (`user`(6))
) ENGINE=InnoDB DEFAULT CHARSET=utf8mb4 COLLATE=utf8mb4_general_ci;
/*!40101 SET character_set_client = @saved_cs_client */;

--
-- Dumping data for table `profiles`
--

LOCK TABLES `profiles` WRITE;
/*!40000 ALTER TABLE `profiles` DISABLE KEYS */;
INSERT INTO `profiles` VALUES ('tsola2002','My name is Omatsola system image');
/*!40000 ALTER TABLE `profiles` ENABLE KEYS */;
UNLOCK TABLES;
/*!40103 SET TIME_ZONE=@OLD_TIME_ZONE */;

/*!40101 SET SQL_MODE=@OLD_SQL_MODE */;
/*!40014 SET FOREIGN_KEY_CHECKS=@OLD_FOREIGN_KEY_CHECKS */;
/*!40014 SET UNIQUE_CHECKS=@OLD_UNIQUE_CHECKS */;
/*!40101 SET CHARACTER_SET_CLIENT=@OLD_CHARACTER_SET_CLIENT */;
/*!40101 SET CHARACTER_SET_RESULTS=@OLD_CHARACTER_SET_RESULTS */;
/*!40101 SET COLLATION_CONNECTION=@OLD_COLLATION_CONNECTION */;
/*!40111 SET SQL_NOTES=@OLD_SQL_NOTES */;

-- Dump completed on 2026-02-05 12:17:42
